,ID,NUM_SALES,ENTERED,EXITED
0,1,5631,16171,16676
1,2,47,16213,16395
2,3,232,16134,16677
3,4,1164,16129,16517
4,5,155,16466,16674
5,6,1227,16178,16502
6,7,2181,16395,16676
7,8,103,16293,16655
8,9,999,16274,16656
9,10,2614,16091,16637
10,11,2,16161,16206
11,12,732,16141,16666
12,13,4976,16124,16673
13,14,684,16566,16651
14,15,1802,16421,16674
15,16,138,16213,16611
16,17,119,16629,16669
17,18,11,16497,16583
18,19,928,16226,16669
19,20,887,16277,16669
20,21,46,16180,16597
21,22,5680,16076,16497
22,23,20,16171,16220
23,24,3546,16172,16671
24,25,1406,16333,16674
25,26,1035,16094,16665
26,28,133,16151,16269
27,29,721,16325,16665
28,30,8,16612,16671
29,31,704,16290,16651
30,32,69,16214,16369
31,33,439,16397,16655
32,34,1215,16220,16664
33,35,1226,16129,16668
34,36,24,16517,16668
35,37,103,16129,16221
36,38,327,16212,16451
37,39,6696,16129,16676
38,40,704,16130,16656
39,41,472,16122,16672
40,42,8231,16282,16672
41,43,167,16491,16659
42,44,4911,16129,16677
43,45,2440,16274,16679
44,46,1147,16283,16667
45,47,5400,16171,16677
46,48,117,16171,16666
47,49,8,16200,16402
48,50,625,16206,16676
49,51,1402,16248,16641
50,52,20,16575,16675
51,53,123,16234,16537
52,54,1195,16324,16662
53,55,58,16242,16410
54,56,510,16314,16588
55,57,327,16201,16382
56,58,2589,16131,16538
57,59,575,16446,16555
58,60,3730,16301,16539
59,61,2986,16134,16679
60,62,1283,16368,16629
61,63,175,16129,16629
62,64,364,16277,16673
63,65,294,16448,16651
64,66,1178,16274,16645
65,67,1076,16211,16640
66,68,3503,16096,16492
67,69,190,16340,16392
68,70,1042,16201,16513
69,71,1164,16226,16673
70,72,240,16135,16457
71,73,790,16165,16637
72,74,1281,16134,16679
73,75,2835,16171,16679
74,76,999,16129,16491
75,77,862,16274,16664
76,78,5582,16129,16669
77,79,92,16408,16603
78,80,107,16496,16599
79,81,504,16463,16679
80,82,2133,16391,16665
81,83,404,16506,16597
82,84,964,16129,16588
83,85,342,16537,16674
84,86,2728,16081,16660
85,88,10,16660,16674
86,89,4498,16130,16623
87,90,1147,16227,16669
88,91,1145,16334,16588
89,92,38,16461,16552
90,93,94,16522,16671
91,94,287,16374,16676
92,95,850,16159,16526
93,96,120,16130,16221
94,97,1792,16214,16676
95,98,135,16213,16503
96,99,12,16545,16576
97,100,1178,16179,16673
98,101,259,16130,16673
99,102,2851,16077,16492
100,103,2870,16480,16679
101,104,570,16362,16617
102,105,795,16385,16673
103,106,153,16526,16673
104,107,1,16493,16493
105,108,743,16408,16649
106,109,576,16407,16674
107,110,162,16514,16676
108,111,1418,16229,16617
109,112,142,16476,16675
110,113,2561,16448,16645
111,114,1458,16171,16500
112,115,2456,16448,16674
113,116,462,16124,16334
114,117,5259,16171,16681
115,118,599,16118,16675
116,119,89,16182,16529
117,120,2197,16277,16678
118,121,171,16274,16653
119,122,1075,16401,16674
120,123,214,16382,16517
121,124,300,16469,16658
122,125,671,16464,16674
123,126,9336,16085,16679
124,127,31,16630,16664
125,128,461,16314,16493
126,129,2352,16186,16679
127,130,1683,16219,16664
128,131,90,16277,16564
129,132,1203,16141,16667
130,133,6495,16189,16674
131,134,145,16503,16673
132,135,1158,16298,16674
133,136,11048,16141,16680
134,137,100,16124,16599
135,138,628,16385,16674
136,139,805,16211,16674
137,140,1868,16323,16679
138,141,1372,16277,16527
139,142,2690,16129,16676
140,143,298,16314,16673
141,144,120,16494,16663
142,145,8,16651,16675
143,146,433,16211,16671
144,147,2221,16189,16672
145,148,147,16340,16400
146,149,2211,16134,16674
147,150,1047,16189,16673
148,151,26,16424,16637
149,152,99,16443,16665
150,153,151,16160,16539
151,154,4140,16134,16674
152,155,1462,16190,16665
153,156,1919,16237,16670
154,157,483,16253,16482
155,158,40,16401,16663
156,159,27,16134,16217
157,160,339,16274,16549
158,161,1402,16171,16681
159,162,26,16211,16222
160,163,7,16212,16500
161,164,101,16652,16679
162,165,4298,16171,16508
163,166,3332,16350,16682
164,167,20,16479,16546
165,168,7305,16122,16681
166,169,580,16200,16481
167,170,1487,16302,16672
168,171,212,16191,16277
169,172,3383,16274,16638
170,173,312,16455,16489
171,174,682,16135,16641
172,175,987,16129,16468
173,176,160,16481,16667
174,177,347,16188,16667
175,178,90,16501,16669
176,179,1024,16354,16682
177,180,28,16520,16554
178,181,4433,16314,16674
179,182,58,16080,16647
180,183,221,16277,16514
181,184,1214,16101,16370
182,185,174,16222,16632
183,186,892,16171,16668
184,187,33,16600,16672
185,188,1498,16190,16679
186,189,643,16537,16673
187,190,1698,16171,16659
188,191,133,16249,16662
189,192,382,16283,16655
190,193,329,16129,16612
191,194,870,16171,16674
192,195,723,16129,16652
193,196,1199,16385,16672
194,197,3296,16091,16678
195,198,2073,16237,16669
196,199,819,16171,16670
197,200,8,16654,16659
198,201,734,16472,16633
199,202,971,16136,16650
200,203,819,16129,16658
201,204,463,16076,16665
202,205,113,16302,16553
203,206,132,16211,16424
204,207,411,16598,16639
205,208,954,16350,16606
206,209,911,16389,16669
207,210,4,16627,16666
208,211,299,16520,16647
209,212,1769,16219,16672
210,213,1584,16091,16672
211,214,62,16135,16444
212,215,78,16464,16666
213,216,1469,16300,16593
214,217,9632,16125,16674
215,218,245,16277,16467
216,219,2184,16285,16676
217,220,647,16345,16672
218,221,1164,16544,16676
219,222,2170,16078,16679
220,223,308,16303,16669
221,224,373,16632,16674
222,225,239,16085,16415
223,226,6,16131,16209
224,227,1505,16190,16667
225,228,329,16096,16629
226,229,1789,16377,16671
227,230,197,16129,16414
228,231,1406,16184,16652
229,232,797,16169,16672
230,233,783,16567,16674
231,234,4040,16274,16672
232,235,5161,16274,16674
233,236,1711,16205,16668
234,237,200,16495,16644
235,238,1516,16342,16641
236,239,3291,16091,16680
237,240,60,16314,16571
238,241,345,16457,16672
239,242,1831,16592,16675
240,243,1004,16229,16662
241,244,177,16448,16613
242,245,452,16085,16617
243,246,20491,16288,16679
244,247,1841,16176,16669
245,248,719,16076,16444
246,249,871,16349,16567
247,250,649,16314,16677
248,251,483,16397,16667
249,252,2073,16392,16676
250,253,6679,16124,16600
251,254,357,16175,16517
252,255,2582,16134,16679
253,256,708,16262,16674
254,257,6013,16192,16631
255,258,168,16417,16673
256,259,425,16101,16463
257,260,5926,16274,16674
258,261,204,16183,16669
259,263,2587,16118,16681
260,264,894,16182,16653
261,265,4686,16174,16677
262,266,364,16171,16410
263,267,16,16160,16194
264,268,444,16303,16666
265,269,1073,16129,16670
266,270,806,16129,16341
267,271,298,16301,16398
268,272,384,16151,16671
269,273,1220,16195,16671
270,274,4056,16377,16674
271,275,619,16129,16214
272,276,986,16225,16475
273,277,5687,16091,16676
274,278,2091,16129,16667
275,279,95,16447,16606
276,280,3475,16452,16656
277,281,954,16442,16659
278,282,578,16129,16673
279,283,258,16486,16673
280,284,11540,16340,16627
281,285,124,16093,16678
282,286,1243,16416,16673
283,287,746,16211,16636
284,288,195,16130,16347
285,289,691,16454,16670
286,290,1068,16091,16554
287,291,451,16129,16453
288,292,7,16301,16334
289,293,2224,16134,16657
290,294,282,16220,16650
291,295,1699,16076,16672
292,296,10772,16091,16683
293,297,1251,16476,16681
294,298,1914,16085,16670
295,299,2265,16176,16674
296,300,3202,16277,16671
297,301,103,16567,16608
298,302,615,16218,16674
299,303,271,16314,16677
300,304,735,16205,16513
301,305,2148,16129,16511
302,306,316,16504,16623
303,307,4277,16354,16559
304,308,176,16132,16663
305,309,1894,16354,16560
306,310,345,16274,16481
307,311,202,16458,16651
308,312,972,16462,16672
309,313,622,16129,16276
310,314,315,16225,16622
311,315,194,16590,16674
312,316,5316,16301,16679
313,317,2349,16333,16652
314,318,5012,16171,16680
315,319,4722,16315,16674
316,320,33,16212,16355
317,321,196,16274,16386
318,322,268,16514,16663
319,323,3672,16082,16671
320,324,368,16282,16618
321,325,387,16347,16517
322,326,97,16338,16507
323,328,5902,16118,16670
324,329,2313,16211,16673
325,330,888,16211,16621
326,331,4778,16389,16675
327,332,2715,16277,16670
328,333,2076,16191,16675
329,334,834,16537,16671
330,335,1444,16191,16673
331,336,41,16455,16586
332,337,160,16388,16672
333,338,317,16179,16559
334,339,1567,16419,16606
335,340,3219,16333,16678
336,341,2842,16301,16673
337,342,2058,16129,16682
338,343,553,16532,16676
339,344,142,16129,16639
340,345,602,16387,16660
341,346,531,16405,16607
342,347,201,16430,16628
343,348,19,16638,16681
344,349,183,16422,16555
345,350,7692,16129,16548
346,351,778,16521,16669
347,352,1613,16077,16577
348,353,360,16417,16663
349,354,349,16566,16641
350,355,1957,16274,16573
351,356,34,16466,16533
352,357,640,16367,16679
353,358,5,16637,16638
354,359,244,16178,16527
355,360,3436,16162,16673
356,361,203,16351,16515
357,362,1346,16248,16668
358,363,3024,16211,16652
359,364,1675,16415,16615
360,365,49,16129,16356
361,366,548,16338,16673
362,367,80,16513,16649
363,368,256,16596,16674
364,369,1434,16142,16668
365,370,652,16605,16674
366,371,1304,16428,16671
367,372,9941,16287,16684
368,373,711,16350,16626
369,374,171,16520,16671
370,375,719,16246,16632
371,376,485,16314,16657
372,377,36,16406,16577
373,378,270,16516,16669
374,379,499,16092,16675
375,380,69,16250,16635
376,381,224,16466,16672
377,382,43,16620,16667
378,383,705,16476,16673
379,384,284,16277,16514
380,385,2015,16171,16671
381,386,4281,16171,16679
382,387,6,16442,16444
383,388,1511,16171,16671
384,389,2953,16233,16669
385,390,1005,16591,16677
386,391,298,16211,16668
387,392,658,16189,16661
388,393,1239,16184,16676
389,394,1866,16391,16625
390,395,3047,16277,16672
391,396,611,16470,16675
392,397,32,16407,16652
393,398,6144,16283,16679
394,399,19,16418,16497
395,400,589,16156,16647
396,401,1813,16186,16505
397,402,2228,16129,16639
398,403,65,16387,16397
399,404,1,16134,16134
400,405,945,16102,16508
401,406,137,16559,16672
402,407,153,16323,16672
403,408,2,16527,16528
404,409,31,16392,16444
405,410,8702,16085,16678
406,411,1632,16394,16670
407,412,377,16219,16669
408,413,237,16129,16675
409,414,1078,16129,16674
410,415,206,16130,16647
411,416,91,16171,16453
412,418,111,16175,16535
413,419,572,16377,16673
414,420,2311,16227,16677
415,421,875,16129,16659
416,422,131,16553,16676
417,423,317,16277,16535
418,424,6043,16391,16673
419,425,584,16291,16482
420,426,36,16124,16220
421,427,141,16416,16537
422,428,884,16161,16672
423,429,1112,16393,16666
424,430,2420,16219,16673
425,431,5282,16301,16677
426,432,338,16359,16499
427,433,4024,16333,16679
428,434,1718,16084,16362
429,435,837,16171,16640
430,436,2444,16108,16679
431,437,756,16129,16657
432,438,97,16521,16639
433,439,327,16400,16633
434,440,629,16177,16659
435,441,186,16455,16646
436,442,10465,16314,16680
437,443,1412,16084,16594
438,444,404,16277,16429
439,445,651,16077,16657
440,446,185,16361,16555
441,447,6017,16277,16679
442,449,992,16212,16681
443,450,4,16212,16236
444,451,549,16228,16502
445,452,91,16414,16456
446,453,1290,16129,16669
447,454,338,16380,16651
448,455,4589,16136,16672
449,456,216,16301,16658
450,457,40,16419,16609
451,458,187,16284,16416
452,459,850,16277,16646
453,460,444,16119,16604
454,461,700,16101,16669
455,462,1309,16129,16675
456,463,4454,16129,16681
457,464,527,16407,16657
458,465,6932,16124,16661
459,466,877,16366,16491
460,467,893,16079,16296
461,468,3008,16379,16665
462,469,1476,16091,16668
463,470,30,16182,16669
464,471,108,16423,16616
465,472,3536,16211,16672
466,473,152,16566,16677
467,474,119,16570,16680
468,475,1305,16226,16679
469,476,157,16180,16676
470,477,750,16212,16669
471,478,45,16654,16677
472,479,3886,16211,16672
473,480,881,16124,16279
474,481,521,16200,16671
475,482,256,16593,16673
476,483,4,16616,16640
477,484,489,16129,16632
478,485,1949,16274,16670
479,486,2341,16434,16679
480,488,1577,16175,16593
481,489,3076,16130,16665
482,491,461,16129,16673
483,492,163,16401,16514
484,493,25,16148,16219
485,494,3086,16178,16676
486,495,4865,16129,16676
487,496,153,16427,16668
488,497,2616,16215,16669
489,498,908,16129,16665
490,499,1190,16084,16659
491,500,634,16135,16597
492,501,4618,16372,16670
493,502,63,16556,16647
494,503,257,16135,16464
495,504,385,16513,16678
496,505,1274,16365,16671
497,507,2800,16274,16670
498,508,1892,16093,16679
499,509,20,16130,16228
500,510,141,16356,16535
501,511,400,16337,16509
502,512,1838,16226,16676
503,513,608,16317,16664
504,515,2205,16445,16675
505,516,25,16192,16241
506,517,2872,16342,16650
507,518,2610,16091,16618
508,519,327,16152,16536
509,520,1702,16465,16674
510,521,65,16448,16652
511,522,647,16394,16674
512,523,75,16395,16568
513,524,44,16558,16597
514,525,603,16091,16659
515,526,496,16229,16647
516,527,809,16404,16683
517,528,1154,16086,16652
518,529,2114,16101,16670
519,531,856,16373,16590
520,532,899,16136,16674
521,533,47,16572,16623
522,534,8,16129,16130
523,536,737,16301,16673
524,537,1142,16365,16618
525,538,372,16251,16662
526,540,10152,16217,16672
527,541,438,16486,16674
528,542,390,16107,16667
529,543,2518,16129,16490
530,544,3273,16301,16475
531,545,311,16460,16641
532,546,581,16424,16671
533,547,42,16251,16406
534,548,102,16616,16655
535,549,1664,16137,16664
536,550,1460,16366,16538
537,551,878,16501,16679
538,552,164,16375,16434
539,553,578,16412,16666
540,554,219,16433,16491
541,555,2870,16129,16674
542,556,238,16274,16657
543,557,12,16327,16360
544,558,1028,16367,16485
545,559,1146,16455,16672
546,560,509,16592,16671
547,561,1563,16091,16670
548,562,1923,16171,16668
549,563,44,16435,16617
550,564,3574,16277,16674
551,565,5164,16301,16674
552,566,9058,16211,16646
553,567,6459,16449,16675
554,568,2310,16102,16670
555,569,513,16507,16679
556,570,16,16379,16587
557,571,14,16516,16658
558,572,1914,16353,16670
559,574,505,16532,16665
560,575,1032,16392,16671
561,576,5,16106,16133
562,577,237,16179,16669
563,578,472,16231,16644
564,579,30,16171,16214
565,580,6,16482,16599
566,581,3,16560,16562
567,582,524,16235,16658
568,583,81,16525,16667
569,584,6090,16140,16676
570,585,336,16171,16666
571,586,853,16349,16587
572,587,68,16489,16667
573,588,859,16211,16674
574,589,86,16123,16221
575,590,152,16293,16555
576,591,14,16637,16658
577,592,3142,16171,16655
578,593,504,16091,16665
579,594,5612,16129,16679
580,595,489,16130,16369
581,596,144,16333,16581
582,597,3133,16129,16679
583,598,1312,16333,16551
584,599,4384,16312,16664
585,600,152,16347,16500
586,601,4315,16142,16675
587,602,614,16220,16676
588,603,5749,16189,16679
589,604,5475,16129,16625
590,605,1890,16129,16674
591,606,273,16274,16659
592,607,3136,16206,16660
593,608,155,16178,16650
594,609,4118,16171,16680
595,610,115,16379,16494
596,611,367,16591,16659
597,612,1838,16134,16668
598,613,119,16506,16625
599,614,1227,16171,16660
600,615,284,16129,16280
601,616,3349,16129,16666
602,617,312,16129,16513
603,618,1204,16277,16680
604,619,3052,16076,16673
605,620,205,16226,16613
606,621,108,16534,16661
607,622,2726,16178,16484
608,623,12224,16189,16677
609,624,18,16637,16646
610,625,12789,16171,16670
611,627,11,16279,16343
612,628,8329,16140,16674
613,629,532,16362,16622
614,630,23,16301,16333
615,631,14713,16133,16672
616,632,2528,16179,16628
617,633,111,16129,16508
618,634,1490,16101,16658
619,635,1526,16100,16667
620,636,41,16644,16678
621,637,1818,16110,16324
622,638,892,16413,16674
623,639,7459,16129,16675
624,640,1576,16213,16674
625,641,1630,16381,16670
626,642,1215,16129,16553
627,643,2526,16160,16666
628,644,19259,16076,16677
629,645,5229,16101,16675
630,646,4345,16219,16674
631,647,383,16149,16674
632,648,4,16293,16296
633,649,1058,16301,16672
634,650,1586,16510,16678
635,651,404,16430,16653
636,652,2374,16129,16661
637,654,190,16514,16666
638,655,1898,16129,16583
639,656,926,16468,16681
640,657,116,16171,16237
641,658,1419,16401,16674
642,659,2538,16129,16670
643,660,11966,16129,16679
644,661,4581,16129,16665
645,662,10,16277,16313
646,663,1480,16189,16676
647,664,790,16129,16672
648,665,12,16583,16609
649,666,2,16608,16610
650,667,4194,16171,16674
651,668,420,16436,16562
652,669,2510,16076,16679
653,670,117,16200,16671
654,671,567,16253,16675
655,672,3460,16084,16676
656,673,117,16206,16422
657,674,477,16176,16630
658,675,807,16245,16673
659,676,305,16130,16434
660,677,3095,16393,16678
661,678,693,16387,16486
662,679,462,16245,16652
663,680,77,16583,16614
664,681,1926,16237,16678
665,682,5055,16101,16675
666,683,2945,16124,16658
667,684,640,16454,16652
668,685,2010,16091,16673
669,686,10,16215,16271
670,687,465,16356,16676
671,688,55,16401,16477
672,689,89,16132,16515
673,690,797,16413,16632
674,691,408,16084,16417
675,692,4611,16211,16673
676,693,618,16275,16648
677,694,191,16475,16550
678,695,34,16191,16551
679,696,6717,16101,16675
680,697,1161,16333,16679
681,698,1057,16219,16678
682,699,115,16456,16667
683,700,130,16459,16548
684,701,62,16096,16206
685,702,2774,16267,16646
686,703,283,16277,16666
687,704,4852,16172,16638
688,705,543,16302,16652
689,706,1694,16091,16671
690,707,6832,16171,16677
691,708,24,16628,16671
692,709,8,16205,16214
693,710,1208,16084,16659
694,711,105,16492,16665
695,712,287,16134,16655
696,713,200,16129,16538
697,714,31,16622,16673
698,715,527,16129,16413
699,716,377,16387,16672
700,717,231,16333,16526
701,718,25,16465,16610
702,719,332,16401,16567
703,720,72,16563,16659
704,721,14725,16285,16665
705,722,1176,16528,16672
706,723,14,16354,16418
707,724,1771,16129,16267
708,725,1989,16399,16672
709,726,782,16211,16455
710,727,21,16574,16679
711,728,350,16246,16470
712,729,1999,16233,16672
713,730,1602,16208,16672
714,731,178,16394,16459
715,732,1117,16206,16477
716,733,186,16134,16476
717,734,543,16129,16362
718,735,336,16371,16649
719,736,469,16411,16634
720,737,431,16178,16677
721,738,581,16570,16669
722,739,1092,16420,16658
723,740,2325,16101,16595
724,741,320,16161,16675
725,742,1645,16101,16669
726,743,2660,16200,16676
727,744,1095,16171,16681
728,745,2102,16402,16671
729,746,1636,16171,16384
730,747,1052,16129,16562
731,748,789,16282,16565
732,749,294,16398,16446
733,750,1285,16189,16570
734,751,799,16401,16658
735,752,79,16595,16665
736,753,2702,16129,16672
737,754,501,16085,16669
738,755,246,16146,16673
739,756,205,16367,16663
740,757,1106,16301,16653
741,758,1637,16386,16522
742,759,1074,16189,16661
743,760,145,16317,16660
744,761,241,16243,16500
745,762,67,16340,16393
746,763,553,16566,16670
747,764,3809,16084,16665
748,765,4435,16274,16671
749,766,1497,16595,16673
750,767,5,16639,16653
751,768,2345,16219,16680
752,769,87,16345,16666
753,770,1998,16401,16669
754,771,141,16439,16493
755,772,357,16077,16564
756,773,383,16245,16387
757,774,2509,16129,16680
758,775,89,16211,16260
759,776,3430,16237,16675
760,777,1268,16344,16584
761,778,1589,16118,16499
762,779,617,16301,16661
763,780,16,16356,16394
764,781,2695,16091,16643
765,782,576,16340,16650
766,783,843,16212,16668
767,784,358,16521,16675
768,785,371,16333,16583
769,786,3709,16140,16677
770,787,2174,16392,16679
771,788,6163,16371,16680
772,789,2161,16178,16670
773,790,12958,16240,16565
774,791,5205,16077,16671
775,792,216,16129,16432
776,793,49,16457,16651
777,794,1954,16091,16679
778,795,225,16171,16401
779,796,2603,16094,16681
780,797,436,16542,16654
781,798,85,16131,16647
782,799,444,16446,16674
783,800,144,16182,16670
784,801,299,16506,16675
785,802,17,16521,16535
786,803,420,16219,16653
787,804,58,16420,16434
788,805,6424,16202,16673
789,806,2105,16211,16662
790,807,915,16175,16591
791,808,40,16288,16391
792,809,1782,16190,16674
793,810,649,16193,16466
794,811,6115,16129,16678
795,812,2222,16210,16672
796,813,79,16140,16214
797,814,7593,16123,16606
798,815,115,16162,16589
799,816,911,16094,16674
800,817,565,16525,16673
801,819,171,16130,16221
802,820,1409,16138,16581
803,821,2427,16085,16670
804,822,669,16212,16641
805,823,1722,16392,16584
806,824,837,16301,16664
807,825,24,16397,16680
808,826,1533,16274,16681
809,827,35,16308,16437
810,828,604,16563,16674
811,829,671,16335,16673
812,830,9,16647,16648
813,831,1128,16211,16667
814,832,671,16469,16636
815,834,1507,16427,16674
816,835,1,16200,16200
817,837,394,16484,16624
818,838,1410,16274,16584
819,839,3525,16084,16675
820,840,407,16548,16646
821,841,413,16092,16674
822,842,21,16338,16449
823,843,15,16631,16675
824,844,694,16596,16679
825,845,18,16546,16566
826,846,228,16351,16670
827,847,216,16578,16669
828,848,17,16496,16620
829,849,871,16205,16669
830,850,102,16183,16467
831,851,151,16175,16342
832,852,283,16544,16680
833,854,5588,16129,16678
834,855,641,16395,16672
835,857,161,16389,16652
836,858,185,16314,16471
837,859,484,16129,16214
838,860,156,16323,16413
839,861,5,16637,16643
840,862,59,16618,16670
841,863,11,16220,16232
842,864,3,16321,16322
843,865,2926,16385,16677
844,866,82,16605,16612
845,867,629,16420,16528
846,868,345,16344,16671
847,869,414,16144,16673
848,871,62,16261,16392
849,872,858,16129,16243
850,873,394,16497,16654
851,874,539,16358,16460
852,875,762,16134,16480
853,876,281,16258,16681
854,877,17,16108,16211
855,878,2966,16160,16678
856,879,61,16121,16429
857,880,4151,16137,16674
858,881,95,16379,16625
859,882,141,16404,16672
860,883,258,16457,16673
861,884,625,16646,16679
862,885,150,16461,16537
863,886,1101,16401,16678
864,887,942,16192,16652
865,888,34,16635,16669
866,889,937,16596,16678
867,890,1531,16520,16675
868,891,1288,16348,16593
869,892,75,16369,16392
870,893,571,16283,16621
871,894,7,16448,16460
872,895,51,16204,16662
873,896,109,16194,16681
874,898,306,16120,16659
875,899,575,16186,16435
876,900,41,16502,16622
877,901,29,16337,16674
878,902,1129,16077,16661
879,903,1410,16443,16679
880,904,185,16188,16657
881,905,2633,16282,16676
882,906,898,16211,16538
883,907,946,16129,16364
884,908,5912,16129,16679
885,909,631,16566,16678
886,910,55,16395,16478
887,911,460,16415,16514
888,912,615,16492,16678
889,913,637,16354,16508
890,914,722,16521,16670
891,915,407,16301,16625
892,916,1165,16495,16660
893,917,201,16207,16441
894,918,74,16561,16659
895,919,725,16290,16654
896,920,177,16101,16610
897,921,276,16077,16669
898,922,38,16135,16452
899,923,472,16080,16479
900,924,2687,16189,16681
901,925,448,16484,16672
902,926,814,16152,16611
903,927,33,16561,16593
904,928,640,16555,16607
905,929,711,16219,16671
906,930,260,16101,16667
907,931,766,16277,16647
908,932,7,16210,16310
909,933,11,16125,16645
910,934,38,16492,16663
911,935,2583,16129,16674
912,936,708,16274,16677
913,937,44,16101,16212
914,938,715,16441,16672
915,939,44,16640,16673
916,940,102,16545,16620
917,941,101,16219,16435
918,942,389,16359,16503
919,943,50,16397,16413
920,944,852,16263,16670
921,945,386,16339,16612
922,946,1286,16211,16554
923,947,2583,16129,16676
924,948,67,16602,16669
925,949,91,16177,16240
926,950,568,16134,16667
927,951,3,16371,16381
928,952,109,16221,16661
929,953,56,16470,16510
930,954,3532,16129,16674
931,955,2236,16117,16668
932,956,408,16138,16539
933,957,408,16582,16676
934,958,1896,16415,16627
935,959,974,16282,16641
936,960,648,16359,16634
937,961,668,16316,16684
938,962,2035,16367,16537
939,963,1221,16214,16674
940,964,4234,16076,16680
941,965,3836,16171,16673
942,966,112,16309,16381
943,967,112,16136,16231
944,968,9045,16129,16670
945,970,1696,16103,16677
946,971,1670,16134,16660
947,972,1717,16178,16679
948,973,12248,16076,16671
949,975,1205,16340,16654
950,976,456,16129,16601
951,977,674,16394,16651
952,978,161,16618,16674
953,979,32,16134,16166
954,980,114,16129,16673
955,981,1719,16215,16673
956,982,1394,16084,16660
957,983,43,16301,16373
958,984,2044,16134,16656
959,985,83,16216,16677
960,986,510,16334,16616
961,987,735,16277,16673
962,988,52,16213,16586
963,989,10902,16108,16682
964,990,407,16467,16671
965,991,773,16129,16343
966,992,197,16084,16269
967,993,309,16350,16492
968,994,17,16492,16512
969,995,17,16200,16262
970,996,45,16219,16448
971,997,5935,16171,16650
972,998,1059,16211,16677
973,999,992,16285,16674
974,1000,1039,16092,16675
975,1001,4861,16130,16656
976,1002,634,16424,16497
977,1004,32,16537,16587
978,1005,57,16480,16515
979,1006,750,16395,16676
980,1007,666,16219,16665
981,1008,1252,16129,16671
982,1009,201,16303,16396
983,1010,3353,16134,16672
984,1011,322,16339,16673
985,1012,111,16301,16602
986,1013,61,16627,16666
987,1014,3828,16085,16678
988,1015,249,16213,16338
989,1016,3475,16303,16647
990,1018,165,16402,16612
991,1019,1310,16129,16674
992,1020,106,16652,16674
993,1021,1774,16094,16675
994,1022,1538,16340,16674
995,1023,6,16129,16132
996,1025,406,16091,16635
997,1026,253,16338,16372
998,1027,633,16282,16672
999,1028,378,16557,16676
1000,1029,28,16629,16670
1001,1030,1161,16274,16678
1002,1031,2,16387,16388
1003,1032,285,16397,16461
1004,1033,1027,16282,16671
1005,1035,896,16340,16675
1006,1036,235,16535,16638
1007,1037,1073,16110,16240
1008,1038,477,16190,16284
1009,1039,76,16421,16444
1010,1040,32,16532,16591
1011,1041,1987,16211,16679
1012,1042,6,16381,16407
1013,1043,652,16610,16674
1014,1044,3734,16129,16670
1015,1045,70,16341,16427
1016,1046,1469,16315,16508
1017,1047,56,16462,16649
1018,1048,3976,16084,16674
1019,1049,1788,16282,16657
1020,1050,42,16367,16386
1021,1051,181,16277,16442
1022,1053,2353,16222,16672
1023,1054,593,16341,16537
1024,1055,348,16446,16535
1025,1056,1025,16463,16669
1026,1057,1128,16340,16666
1027,1058,7231,16150,16664
1028,1059,266,16392,16481
1029,1060,585,16430,16676
1030,1061,194,16108,16648
1031,1062,774,16211,16446
1032,1063,286,16240,16663
1033,1064,1391,16129,16673
1034,1065,1243,16171,16532
1035,1066,83,16129,16592
1036,1067,353,16093,16670
1037,1068,126,16598,16654
1038,1069,111,16379,16660
1039,1070,195,16160,16277
1040,1071,264,16616,16676
1041,1072,701,16211,16667
1042,1073,28,16185,16222
1043,1074,56,16617,16653
1044,1075,247,16131,16393
1045,1076,962,16302,16666
1046,1077,1891,16390,16679
1047,1078,301,16356,16466
1048,1079,356,16491,16652
1049,1080,81,16129,16666
1050,1081,961,16413,16676
1051,1082,26,16570,16595
1052,1083,211,16277,16577
1053,1084,2,16498,16499
1054,1085,1209,16171,16423
1055,1086,50,16178,16309
1056,1087,1969,16274,16681
1057,1088,407,16547,16670
1058,1089,200,16211,16482
1059,1090,336,16506,16670
1060,1091,195,16458,16482
1061,1092,135,16394,16597
1062,1093,456,16227,16490
1063,1094,60,16605,16631
1064,1095,10317,16384,16673
1065,1096,58,16091,16102
1066,1097,83,16104,16527
1067,1098,336,16129,16382
1068,1099,527,16438,16671
1069,1100,1181,16217,16673
1070,1101,31,16563,16576
1071,1102,180,16121,16540
1072,1103,33,16283,16312
1073,1104,986,16464,16655
1074,1105,3021,16405,16679
1075,1106,10569,16124,16670
1076,1107,73,16296,16489
1077,1108,36,16219,16401
1078,1109,39,16540,16669
1079,1110,420,16369,16535
1080,1111,19,16419,16576
1081,1112,40,16465,16674
1082,1113,35,16602,16676
1083,1114,243,16180,16679
1084,1115,183,16211,16383
1085,1116,1650,16544,16680
1086,1117,574,16532,16673
1087,1118,21,16367,16396
1088,1119,972,16563,16674
1089,1120,422,16384,16487
1090,1121,5,16299,16407
1091,1122,364,16131,16591
1092,1123,498,16571,16679
1093,1124,1111,16394,16490
1094,1125,420,16101,16391
1095,1126,296,16101,16613
1096,1127,622,16602,16675
1097,1128,2,16669,16670
1098,1129,13,16484,16569
1099,1130,631,16078,16660
1100,1131,3705,16171,16673
1101,1132,465,16172,16486
1102,1133,1,16135,16135
1103,1134,4596,16091,16678
1104,1135,7327,16171,16670
1105,1136,265,16316,16470
1106,1137,3906,16134,16670
1107,1138,937,16135,16509
1108,1139,103,16162,16236
1109,1140,673,16129,16420
1110,1141,527,16435,16638
1111,1142,366,16213,16422
1112,1143,97,16597,16667
1113,1144,9,16182,16214
1114,1145,1095,16282,16670
1115,1146,243,16386,16470
1116,1147,685,16097,16285
1117,1148,7,16217,16372
1118,1149,227,16407,16633
1119,1150,433,16491,16647
1120,1151,1335,16189,16672
1121,1152,1608,16171,16676
1122,1154,503,16566,16673
1123,1155,431,16476,16678
1124,1156,362,16245,16660
1125,1157,131,16604,16668
1126,1158,236,16355,16401
1127,1159,40,16596,16665
1128,1160,717,16282,16674
1129,1161,2107,16398,16672
1130,1162,11,16581,16669
1131,1163,1680,16521,16653
1132,1164,39,16569,16675
1133,1165,2035,16392,16647
1134,1166,1906,16119,16669
1135,1167,3,16629,16631
1136,1168,1312,16129,16680
1137,1170,47,16405,16423
1138,1171,86,16398,16516
1139,1172,14,16343,16396
1140,1173,641,16456,16678
1141,1174,1196,16115,16370
1142,1175,91,16502,16667
1143,1176,231,16521,16673
1144,1177,230,16370,16599
1145,1178,131,16482,16527
1146,1179,1007,16404,16670
1147,1180,1,16226,16226
1148,1181,54,16511,16674
1149,1182,365,16438,16590
1150,1183,233,16526,16611
1151,1184,134,16340,16420
1152,1185,159,16611,16678
1153,1186,447,16095,16572
1154,1187,258,16091,16654
1155,1188,1776,16129,16605
1156,1189,1405,16292,16669
1157,1190,1138,16426,16674
1158,1191,2,16367,16368
1159,1192,20870,16083,16675
1160,1193,1651,16391,16672
1161,1194,115,16461,16648
1162,1195,1434,16421,16673
1163,1196,10,16130,16166
1164,1197,3330,16274,16679
1165,1198,789,16602,16682
1166,1199,672,16388,16451
1167,1200,544,16245,16444
1168,1201,1150,16219,16463
1169,1202,162,16134,16291
1170,1203,5999,16152,16671
1171,1204,2365,16274,16677
1172,1205,616,16314,16481
1173,1206,3520,16132,16674
1174,1207,1207,16129,16399
1175,1208,125,16447,16555
1176,1209,281,16409,16555
1177,1210,413,16129,16646
1178,1211,81,16356,16451
1179,1212,7,16507,16516
1180,1213,27,16624,16677
1181,1214,798,16129,16673
1182,1215,219,16345,16533
1183,1216,63,16288,16679
1184,1217,8593,16126,16671
1185,1218,36,16613,16660
1186,1219,7,16648,16652
1187,1220,81,16116,16479
1188,1221,22,16181,16658
1189,1222,8,16416,16438
1190,1223,609,16390,16507
1191,1224,140,16211,16277
1192,1225,1632,16338,16679
1193,1226,226,16435,16519
1194,1227,1787,16422,16655
1195,1228,406,16196,16674
1196,1229,135,16448,16522
1197,1230,75,16545,16674
1198,1231,124,16439,16479
1199,1232,312,16532,16670
1200,1233,203,16602,16674
1201,1234,25,16248,16387
1202,1235,72,16481,16538
1203,1236,97,16587,16673
1204,1237,24,16393,16437
1205,1238,2024,16219,16507
1206,1240,87,16451,16629
1207,1241,379,16091,16670
1208,1242,13,16408,16429
1209,1243,665,16347,16674
1210,1244,9024,16357,16678
1211,1245,4133,16346,16676
1212,1246,244,16213,16570
1213,1247,484,16405,16668
1214,1248,272,16191,16658
1215,1249,1221,16119,16673
1216,1250,598,16299,16627
1217,1251,10,16133,16213
1218,1252,309,16555,16671
1219,1254,21351,16122,16656
1220,1255,3450,16129,16673
1221,1256,1547,16091,16373
1222,1257,2109,16171,16494
1223,1258,788,16101,16676
1224,1260,1546,16418,16678
1225,1261,2135,16177,16673
1226,1262,30,16385,16407
1227,1263,129,16091,16132
1228,1264,164,16141,16661
1229,1265,33,16508,16666
1230,1266,338,16194,16500
1231,1267,1606,16564,16673
1232,1268,945,16502,16565
1233,1269,892,16527,16676
1234,1270,1443,16129,16659
1235,1271,1479,16140,16668
1236,1272,154,16533,16681
1237,1273,2760,16129,16675
1238,1274,92,16488,16531
1239,1275,4342,16129,16671
1240,1276,41,16522,16632
1241,1277,213,16134,16359
1242,1278,242,16616,16674
1243,1279,44,16377,16423
1244,1280,46,16619,16626
1245,1281,512,16164,16671
1246,1283,4562,16442,16677
1247,1284,144,16599,16645
1248,1285,1075,16490,16674
1249,1286,285,16134,16620
1250,1287,11,16666,16674
1251,1288,337,16129,16469
1252,1289,319,16219,16479
1253,1290,69,16078,16221
1254,1291,3,16426,16428
1255,1292,1011,16274,16575
1256,1293,15,16318,16678
1257,1294,1004,16175,16672
1258,1295,33,16179,16314
1259,1296,183,16350,16671
1260,1297,667,16406,16674
1261,1298,734,16395,16671
1262,1299,59,16581,16673
1263,1300,36,16531,16537
1264,1301,118,16237,16410
1265,1302,1871,16274,16671
1266,1303,94,16387,16612
1267,1304,21,16367,16393
1268,1305,324,16463,16655
1269,1306,36,16365,16399
1270,1307,7,16276,16301
1271,1308,310,16495,16671
1272,1309,3818,16503,16630
1273,1310,99,16454,16561
1274,1311,113,16643,16657
1275,1312,1414,16276,16517
1276,1313,57,16129,16213
1277,1314,592,16135,16317
1278,1315,994,16495,16681
1279,1316,7,16623,16627
1280,1317,154,16395,16537
1281,1318,993,16528,16673
1282,1319,35,16621,16671
1283,1320,147,16357,16676
1284,1321,1347,16455,16675
1285,1322,101,16178,16220
1286,1323,274,16129,16606
1287,1324,13,16499,16533
1288,1325,2766,16135,16674
1289,1326,213,16528,16677
1290,1327,272,16441,16669
1291,1328,2584,16076,16473
1292,1329,22,16553,16640
1293,1330,65,16624,16673
1294,1331,985,16598,16683
1295,1332,661,16544,16669
1296,1333,415,16181,16641
1297,1334,8,16091,16211
1298,1335,781,16448,16669
1299,1336,255,16502,16659
1300,1337,45,16135,16325
1301,1338,33,16592,16681
1302,1339,1015,16392,16669
1303,1340,61,16227,16633
1304,1341,256,16420,16681
1305,1342,382,16532,16669
1306,1343,460,16345,16673
1307,1344,561,16101,16441
1308,1345,454,16189,16671
1309,1346,114,16521,16646
1310,1347,180,16211,16267
1311,1348,324,16373,16515
1312,1349,2076,16091,16463
1313,1350,922,16422,16538
1314,1351,21,16338,16558
1315,1352,37,16190,16214
1316,1353,2812,16171,16679
1317,1354,111,16605,16670
1318,1355,189,16212,16515
1319,1356,278,16387,16666
1320,1357,190,16546,16669
1321,1358,27,16657,16674
1322,1359,128,16389,16650
1323,1360,2964,16123,16669
1324,1361,522,16532,16627
1325,1362,907,16129,16459
1326,1363,197,16285,16457
1327,1364,359,16129,16674
1328,1365,46,16604,16624
1329,1366,2750,16392,16673
1330,1367,776,16259,16672
1331,1368,307,16135,16666
1332,1369,7,16639,16678
1333,1370,148,16375,16674
1334,1371,24,16618,16634
1335,1372,9,16514,16522
1336,1373,138,16467,16553
1337,1374,10,16595,16665
1338,1375,565,16206,16456
1339,1376,8,16457,16492
1340,1377,50,16563,16621
1341,1378,2423,16077,16600
1342,1379,2294,16190,16681
1343,1380,66,16442,16479
1344,1381,2400,16316,16672
1345,1382,4,16166,16220
1346,1383,47,16515,16651
1347,1384,83,16567,16653
1348,1385,48,16494,16551
1349,1386,329,16339,16671
1350,1387,952,16220,16656
1351,1388,5,16254,16258
1352,1389,2207,16077,16675
1353,1390,1584,16147,16612
1354,1391,708,16129,16660
1355,1392,76,16415,16610
1356,1393,151,16366,16673
1357,1394,63,16391,16528
1358,1395,65,16469,16597
1359,1396,887,16129,16637
1360,1397,238,16448,16477
1361,1398,570,16528,16673
1362,1399,994,16129,16363
1363,1400,2,16663,16664
1364,1401,4,16421,16422
1365,1402,1897,16171,16672
1366,1403,315,16301,16603
1367,1404,251,16366,16479
1368,1405,19,16533,16661
1369,1406,1543,16514,16680
1370,1407,1618,16338,16662
1371,1408,220,16195,16373
1372,1409,109,16118,16417
1373,1410,764,16424,16536
1374,1411,300,16333,16441
1375,1412,2268,16277,16670
1376,1413,1438,16435,16681
1377,1414,23,16589,16665
1378,1415,57,16514,16537
1379,1416,53,16656,16676
1380,1417,4791,16366,16674
1381,1418,65,16606,16674
1382,1419,526,16101,16552
1383,1420,8545,16152,16672
1384,1421,1361,16123,16296
1385,1422,10,16521,16534
1386,1423,391,16130,16445
1387,1424,1144,16219,16526
1388,1425,30,16133,16664
1389,1426,7,16126,16222
1390,1427,38,16301,16351
1391,1428,30,16499,16513
1392,1429,4650,16338,16565
1393,1430,98,16401,16552
1394,1431,80,16350,16511
1395,1432,7,16657,16674
1396,1433,72,16346,16352
1397,1434,1197,16521,16649
1398,1435,214,16419,16506
1399,1436,89,16373,16489
1400,1437,167,16274,16314
1401,1438,54,16140,16473
1402,1439,14,16647,16671
1403,1440,135,16129,16166
1404,1441,398,16129,16653
1405,1442,2381,16078,16538
1406,1443,397,16189,16672
1407,1444,2460,16237,16669
1408,1445,1643,16135,16671
1409,1446,6698,16115,16674
1410,1447,4,16119,16134
1411,1448,644,16133,16649
1412,1449,227,16348,16500
1413,1450,2268,16129,16671
1414,1451,212,16604,16640
1415,1452,1686,16211,16360
1416,1453,1405,16483,16670
1417,1454,88,16387,16585
1418,1455,2,16666,16667
1419,1456,161,16381,16427
1420,1457,6,16389,16395
1421,1458,173,16435,16598
1422,1459,273,16566,16651
1423,1460,901,16595,16669
1424,1461,2232,16511,16679
1425,1462,2260,16274,16556
1426,1463,84,16604,16659
1427,1464,10,16660,16668
1428,1465,1425,16277,16673
1429,1466,411,16512,16665
1430,1467,129,16481,16539
1431,1468,3995,16237,16586
1432,1469,3781,16129,16681
1433,1470,32,16226,16600
1434,1471,472,16464,16672
1435,1472,733,16311,16679
1436,1473,84,16134,16244
1437,1474,154,16220,16389
1438,1475,42,16278,16326
1439,1476,2,16205,16211
1440,1477,349,16401,16526
1441,1478,6,16660,16669
1442,1479,2321,16134,16674
1443,1480,60,16471,16505
1444,1481,105,16343,16589
1445,1482,5,16395,16400
1446,1483,2349,16138,16653
1447,1484,299,16495,16673
1448,1485,11,16480,16560
1449,1486,2316,16392,16674
1450,1487,536,16101,16670
1451,1488,4,16237,16240
1452,1489,52,16580,16641
1453,1490,3,16205,16221
1454,1491,987,16567,16679
1455,1492,316,16635,16674
1456,1493,1495,16348,16673
1457,1494,666,16469,16595
1458,1495,4,16400,16401
1459,1496,10,16617,16624
1460,1497,19,16335,16491
1461,1498,1589,16085,16624
1462,1499,762,16245,16522
1463,1500,214,16247,16669
1464,1501,137,16630,16652
1465,1502,444,16101,16666
1466,1503,56,16602,16622
1467,1504,677,16135,16421
1468,1505,205,16178,16664
1469,1506,2111,16084,16470
1470,1507,92,16277,16383
1471,1508,698,16277,16545
1472,1509,1734,16244,16561
1473,1510,1914,16301,16533
1474,1511,44,16528,16612
1475,1512,80,16231,16390
1476,1514,236,16534,16676
1477,1515,6,16410,16412
1478,1516,37,16406,16522
1479,1517,97,16389,16632
1480,1518,36,16171,16268
1481,1519,941,16214,16442
1482,1520,54,16335,16398
1483,1521,711,16579,16673
1484,1522,59,16129,16658
1485,1523,184,16131,16493
1486,1524,116,16596,16658
1487,1525,12,16368,16401
1488,1526,63,16174,16240
1489,1527,117,16287,16537
1490,1528,3,16166,16212
1491,1529,103,16537,16589
1492,1530,820,16444,16669
1493,1531,44,16662,16674
1494,1532,157,16076,16619
1495,1533,695,16087,16240
1496,1534,39,16190,16206
1497,1535,1093,16367,16670
1498,1536,990,16129,16669
1499,1537,2,16285,16286
1500,1538,2684,16129,16667
1501,1539,276,16314,16429
1502,1540,126,16151,16638
1503,1541,617,16229,16475
1504,1542,169,16541,16665
1505,1544,1123,16451,16527
1506,1545,799,16171,16670
1507,1546,56,16423,16642
1508,1547,31,16129,16166
1509,1548,2522,16213,16677
1510,1549,22,16239,16447
1511,1550,55,16404,16488
1512,1551,172,16491,16532
1513,1552,305,16526,16646
1514,1553,15,16611,16674
1515,1554,964,16103,16675
1516,1555,289,16314,16670
1517,1556,271,16274,16382
1518,1557,124,16522,16674
1519,1558,75,16466,16485
1520,1559,24,16581,16652
1521,1560,44,16624,16669
1522,1561,900,16545,16670
1523,1562,354,16314,16531
1524,1563,349,16214,16671
1525,1564,2891,16129,16674
1526,1565,241,16610,16676
1527,1566,71,16426,16664
1528,1567,722,16339,16669
1529,1568,72,16392,16471
1530,1569,15,16647,16671
1531,1570,236,16131,16668
1532,1571,11,16512,16568
1533,1572,68,16277,16629
1534,1573,854,16091,16460
1535,1574,14,16464,16537
1536,1575,1910,16161,16671
1537,1576,19,16202,16440
1538,1577,21,16351,16373
1539,1578,232,16606,16659
1540,1580,76,16350,16416
1541,1581,1048,16362,16503
1542,1582,187,16557,16674
1543,1583,14,16552,16653
1544,1584,573,16174,16492
1545,1585,931,16211,16668
1546,1586,27,16148,16296
1547,1587,72,16656,16674
1548,1588,2,16218,16227
1549,1589,326,16537,16678
1550,1590,261,16464,16533
1551,1591,1458,16091,16668
1552,1592,4,16660,16665
1553,1593,244,16544,16670
1554,1594,1265,16200,16672
1555,1595,30,16392,16551
1556,1596,11,16321,16335
1557,1598,7,16443,16669
1558,1599,3002,16191,16671
1559,1600,738,16211,16547
1560,1601,457,16129,16516
1561,1602,95,16211,16424
1562,1603,1037,16178,16596
1563,1604,7,16367,16380
1564,1605,609,16209,16384
1565,1606,15,16475,16612
1566,1607,311,16076,16287
1567,1608,1,16216,16216
1568,1609,200,16350,16386
1569,1610,1756,16514,16678
1570,1611,1129,16443,16598
1571,1612,1484,16171,16678
1572,1614,1410,16593,16677
1573,1615,1335,16366,16656
1574,1616,89,16511,16677
1575,1617,81,16131,16239
1576,1618,140,16237,16369
1577,1620,171,16471,16611
1578,1621,27,16595,16652
1579,1622,47,16340,16429
1580,1623,9974,16394,16647
1581,1624,741,16076,16343
1582,1625,70,16130,16332
1583,1626,183,16622,16669
1584,1627,117,16405,16441
1585,1628,1634,16396,16671
1586,1629,15,16463,16597
1587,1630,26,16442,16515
1588,1631,44,16212,16282
1589,1632,87,16301,16372
1590,1633,1328,16173,16516
1591,1634,42,16375,16488
1592,1635,480,16331,16661
1593,1636,71,16417,16442
1594,1637,481,16496,16665
1595,1638,440,16484,16679
1596,1639,250,16582,16677
1597,1640,100,16449,16671
1598,1641,265,16145,16376
1599,1642,218,16432,16576
1600,1643,328,16345,16596
1601,1644,211,16129,16277
1602,1645,106,16129,16221
1603,1646,247,16588,16671
1604,1647,40,16431,16532
1605,1648,769,16495,16672
1606,1649,36,16438,16534
1607,1650,145,16564,16668
1608,1651,183,16392,16646
1609,1652,1358,16560,16678
1610,1653,1265,16078,16466
1611,1654,2,16219,16220
1612,1655,1210,16532,16671
1613,1656,12,16545,16669
1614,1658,352,16314,16387
1615,1659,88,16463,16550
1616,1660,97,16544,16671
1617,1662,215,16135,16667
1618,1664,910,16482,16546
1619,1665,308,16484,16549
1620,1666,914,16340,16671
1621,1667,148,16092,16221
1622,1669,527,16248,16673
1623,1670,156,16380,16432
1624,1671,233,16491,16539
1625,1672,555,16129,16607
1626,1673,776,16190,16662
1627,1674,424,16373,16638
1628,1675,102,16636,16672
1629,1676,1,16131,16131
1630,1677,190,16129,16436
1631,1678,1105,16481,16673
1632,1679,175,16577,16598
1633,1680,8,16642,16647
1634,1681,109,16377,16490
1635,1682,5,16458,16463
1636,1683,414,16498,16651
1637,1684,380,16447,16660
1638,1685,31,16486,16505
1639,1686,208,16596,16668
1640,1688,95,16211,16555
1641,1689,213,16405,16422
1642,1690,965,16274,16481
1643,1691,73,16659,16680
1644,1692,2,16457,16458
1645,1693,547,16367,16456
1646,1695,592,16135,16222
1647,1696,799,16511,16671
1648,1697,23,16629,16673
1649,1698,65,16423,16480
1650,1699,6,16135,16208
1651,1700,83,16610,16675
1652,1701,73,16521,16646
1653,1702,782,16277,16661
1654,1703,655,16092,16666
1655,1704,13,16618,16676
1656,1705,18,16562,16628
1657,1706,978,16171,16674
1658,1707,107,16557,16646
1659,1708,5,16647,16663
1660,1709,77,16171,16317
1661,1710,17,16617,16631
1662,1712,61,16626,16672
1663,1713,353,16191,16297
1664,1714,316,16598,16674
1665,1716,134,16526,16633
1666,1717,2142,16499,16671
1667,1719,53,16597,16637
1668,1720,585,16534,16651
1669,1722,215,16127,16222
1670,1723,68,16172,16375
1671,1724,438,16366,16451
1672,1725,24,16559,16646
1673,1726,1368,16129,16339
1674,1727,12,16229,16348
1675,1728,442,16544,16674
1676,1730,112,16378,16458
1677,1731,1433,16129,16675
1678,1732,13,16617,16661
1679,1733,1,16293,16293
1680,1734,1361,16551,16674
1681,1735,5,16673,16680
1682,1736,1893,16489,16672
1683,1737,2054,16512,16679
1684,1738,6,16563,16565
1685,1739,369,16171,16537
1686,1740,456,16127,16674
1687,1741,83,16301,16372
1688,1742,108,16375,16466
1689,1743,8,16174,16363
1690,1745,656,16171,16667
1691,1746,53,16640,16676
1692,1747,6022,16171,16527
1693,1748,4,16552,16556
1694,1749,22,16512,16533
1695,1750,3064,16427,16674
1696,1751,2792,16129,16661
1697,1753,30,16350,16381
1698,1754,4,16663,16664
1699,1755,6,16506,16509
1700,1756,68,16129,16248
1701,1757,99,16592,16676
1702,1758,392,16617,16679
1703,1759,209,16537,16673
1704,1760,720,16539,16674
1705,1762,4,16389,16392
1706,1763,588,16525,16667
1707,1764,7,16476,16488
1708,1765,1897,16597,16659
1709,1766,15,16657,16672
1710,1767,414,16532,16672
1711,1768,271,16509,16649
1712,1769,365,16553,16673
1713,1770,6,16496,16523
1714,1771,263,16582,16626
1715,1772,2,16375,16376
1716,1773,727,16527,16677
1717,1774,273,16198,16609
1718,1775,167,16475,16579
1719,1777,37,16596,16610
1720,1778,389,16404,16513
1721,1779,40,16632,16646
1722,1780,91,16200,16239
1723,1781,2,16656,16657
1724,1782,391,16532,16660
1725,1783,329,16440,16675
1726,1784,6,16517,16584
1727,1785,422,16129,16389
1728,1786,19,16648,16676
1729,1787,370,16532,16675
1730,1788,2,16434,16435
1731,1789,270,16575,16677
1732,1790,572,16211,16667
1733,1791,5,16211,16254
1734,1792,3998,16529,16671
1735,1793,593,16091,16674
1736,1794,83,16399,16451
1737,1795,203,16274,16675
1738,1796,125,16521,16666
1739,1797,268,16274,16683
1740,1798,542,16473,16653
1741,1799,332,16609,16674
1742,1800,269,16193,16406
1743,1801,666,16501,16671
1744,1802,96,16528,16671
1745,1803,260,16350,16426
1746,1804,18,16640,16675
1747,1805,47,16281,16334
1748,1806,816,16397,16649
1749,1807,67,16132,16221
1750,1808,69,16176,16221
1751,1809,43,16647,16674
1752,1811,67,16639,16678
1753,1812,12,16661,16669
1754,1813,532,16495,16678
1755,1814,6,16171,16217
1756,1815,34,16258,16359
1757,1816,68,16532,16652
1758,1817,11,16606,16623
1759,1818,20,16533,16538
1760,1819,148,16612,16674
1761,1820,32,16657,16671
1762,1821,1185,16532,16669
1763,1822,7,16626,16665
1764,1823,19,16289,16396
1765,1824,3,16458,16460
1766,1825,28,16129,16410
1767,1826,383,16539,16597
1768,1827,618,16101,16254
1769,1828,3426,16277,16676
1770,1829,63,16130,16206
1771,1830,429,16084,16342
1772,1831,16,16644,16674
1773,1832,207,16608,16679
1774,1833,144,16583,16641
1775,1834,1053,16602,16675
1776,1835,208,16475,16620
1777,1836,717,16333,16510
1778,1837,122,16282,16618
1779,1838,405,16521,16669
1780,1839,295,16256,16401
1781,1841,51,16228,16445
1782,1842,1032,16198,16448
1783,1843,10,16664,16673
1784,1844,3027,16092,16675
1785,1845,9,16445,16467
1786,1846,52,16646,16674
1787,1847,548,16130,16240
1788,1848,90,16592,16671
1789,1849,31,16623,16661
1790,1850,3,16563,16564
1791,1851,63,16091,16252
1792,1852,43,16347,16385
1793,1853,118,16537,16680
1794,1854,57,16195,16344
1795,1855,187,16625,16682
1796,1856,10,16363,16667
1797,1857,355,16116,16262
1798,1858,2,16343,16344
1799,1859,248,16211,16344
1800,1862,2,16297,16298
1801,1863,225,16333,16582
1802,1864,19,16444,16468
1803,1865,521,16091,16221
1804,1866,2,16456,16532
1805,1867,656,16171,16425
1806,1868,78,16654,16670
1807,1869,100,16101,16383
1808,1870,226,16130,16278
1809,1871,107,16326,16550
1810,1872,115,16200,16645
1811,1873,47,16221,16603
1812,1874,26,16162,16517
1813,1875,43,16617,16661
1814,1876,1809,16084,16490
1815,1877,27,16626,16668
1816,1878,35,16500,16514
1817,1880,166,16129,16662
1818,1881,308,16358,16515
1819,1882,407,16189,16670
1820,1883,1529,16277,16541
1821,1884,30,16385,16395
1822,1885,1409,16129,16665
1823,1886,114,16324,16604
1824,1887,423,16171,16502
1825,1889,20,16220,16235
1826,1891,2408,16389,16671
1827,1892,26,16618,16662
1828,1893,1342,16347,16493
1829,1894,184,16161,16221
1830,1895,6,16410,16429
1831,1896,296,16627,16680
1832,1897,281,16597,16673
1833,1898,7,16511,16586
1834,1899,2673,16275,16513
1835,1900,290,16473,16665
1836,1902,12,16090,16164
1837,1903,146,16249,16458
1838,1904,560,16129,16582
1839,1905,5,16135,16147
1840,1906,914,16134,16519
1841,1907,88,16190,16625
1842,1908,224,16502,16678
1843,1910,37,16398,16491
1844,1911,1022,16547,16674
1845,1912,15,16649,16673
1846,1913,126,16487,16672
1847,1914,3,16214,16214
1848,1915,688,16592,16677
1849,1916,1,16673,16673
1850,1917,94,16146,16627
1851,1918,987,16171,16450
1852,1919,115,16640,16683
1853,1920,355,16171,16310
1854,1921,1110,16212,16653
1855,1922,71,16542,16580
1856,1923,7,16201,16206
1857,1925,131,16642,16663
1858,1926,89,16564,16680
1859,1927,7,16465,16494
1860,1928,629,16567,16677
1861,1929,3508,16521,16680
1862,1930,19,16544,16614
1863,1931,281,16091,16231
1864,1932,69,16587,16673
1865,1933,4,16284,16290
1866,1934,209,16450,16672
1867,1936,89,16465,16654
1868,1937,478,16135,16338
1869,1939,10,16563,16575
1870,1940,180,16597,16672
1871,1941,108,16093,16275
1872,1942,51,16622,16678
1873,1943,435,16597,16680
1874,1944,210,16366,16442
1875,1945,13,16404,16429
1876,1946,187,16382,16671
1877,1947,86,16455,16492
1878,1949,286,16551,16669
1879,1950,653,16617,16654
1880,1952,62,16601,16646
1881,1953,12,16527,16537
1882,1954,4,16619,16622
1883,1955,746,16135,16664
1884,1956,21,16366,16396
1885,1957,5,16590,16593
1886,1958,260,16129,16411
1887,1959,13,16391,16539
1888,1960,22,16532,16538
1889,1961,857,16426,16549
1890,1962,2,16411,16412
1891,1965,617,16282,16668
1892,1966,167,16101,16268
1893,1967,153,16602,16673
1894,1968,144,16484,16667
1895,1969,3590,16408,16679
1896,1970,12,16592,16599
1897,1971,555,16162,16665
1898,1972,28,16603,16648
1899,1973,267,16214,16667
1900,1974,24,16200,16268
1901,1976,95,16130,16661
1902,1977,21,16175,16547
1903,1978,748,16282,16598
1904,1980,2165,16323,16597
1905,1981,142,16274,16333
1906,1982,122,16484,16538
1907,1983,1,16266,16266
1908,1984,428,16398,16582
1909,1985,102,16631,16680
1910,1986,108,16600,16670
1911,1987,39,16226,16286
1912,1988,41,16301,16455
1913,1989,176,16368,16427
1914,1990,1582,16093,16166
1915,1991,54,16338,16373
1916,1992,37,16636,16673
1917,1993,40,16182,16269
1918,1994,423,16171,16238
1919,1995,262,16212,16375
1920,1996,17,16342,16374
1921,1997,593,16208,16673
1922,1998,25,16551,16613
1923,1999,237,16597,16674
1924,2000,5,16362,16365
1925,2001,34,16129,16135
1926,2002,5,16095,16126
1927,2004,214,16354,16450
1928,2005,1464,16124,16665
1929,2007,1388,16551,16661
1930,2008,19,16374,16407
1931,2009,58,16547,16658
1932,2010,2,16622,16623
1933,2011,55,16206,16316
1934,2012,84,16619,16674
1935,2013,14,16644,16672
1936,2014,124,16602,16669
1937,2015,44,16624,16669
1938,2016,7,16392,16416
1939,2017,362,16101,16275
1940,2018,46,16641,16668
1941,2019,271,16124,16296
1942,2020,108,16276,16409
1943,2021,130,16248,16377
1944,2022,339,16631,16671
1945,2023,9,16211,16219
1946,2024,56,16633,16675
1947,2025,1012,16521,16668
1948,2026,3095,16533,16674
1949,2027,16,16301,16362
1950,2028,129,16374,16416
1951,2029,326,16554,16679
1952,2030,12,16462,16498
1953,2031,100,16426,16464
1954,2032,16,16130,16369
1955,2033,27,16118,16166
1956,2034,2,16454,16455
1957,2035,27,16483,16538
1958,2036,122,16226,16240
1959,2037,5,16522,16536
1960,2038,19,16527,16538
1961,2039,625,16178,16372
1962,2040,29,16518,16530
1963,2041,85,16100,16227
1964,2042,6,16674,16679
1965,2043,14,16448,16473
1966,2044,13,16434,16436
1967,2045,8,16622,16629
1968,2046,25,16340,16363
1969,2047,69,16603,16660
1970,2048,272,16144,16519
1971,2049,2,16263,16280
1972,2050,24,16539,16665
1973,2051,80,16645,16675
1974,2052,9,16636,16669
1975,2053,239,16211,16339
1976,2054,47,16370,16482
1977,2055,457,16555,16675
1978,2056,285,16567,16665
1979,2057,52,16191,16239
1980,2058,22,16496,16501
1981,2059,213,16441,16639
1982,2060,91,16651,16672
1983,2061,1,16657,16657
1984,2062,359,16124,16655
1985,2063,155,16178,16206
1986,2064,18,16211,16222
1987,2065,178,16461,16588
1988,2066,56,16591,16666
1989,2067,7,16352,16370
1990,2068,1554,16347,16679
1991,2069,32,16602,16679
1992,2070,4,16521,16526
1993,2071,69,16178,16346
1994,2072,734,16077,16499
1995,2073,468,16340,16616
1996,2074,36,16637,16669
1997,2075,116,16614,16661
1998,2076,2,16487,16501
1999,2077,100,16274,16407
2000,2078,224,16503,16672
2001,2079,9,16163,16184
2002,2080,84,16393,16430
2003,2081,164,16532,16674
2004,2082,85,16117,16221
2005,2084,139,16609,16674
2006,2085,175,16323,16421
2007,2086,248,16290,16333
2008,2087,60,16105,16329
2009,2088,54,16525,16618
2010,2089,4,16532,16536
2011,2090,695,16595,16672
2012,2091,76,16134,16221
2013,2093,12,16361,16410
2014,2094,55,16639,16674
2015,2095,24,16118,16147
2016,2096,9,16636,16639
2017,2097,74,16586,16612
2018,2098,421,16445,16669
2019,2099,17,16647,16671
2020,2100,67,16171,16303
2021,2101,49,16131,16607
2022,2102,163,16626,16673
2023,2103,1,16306,16306
2024,2104,1,16666,16666
2025,2105,840,16532,16652
2026,2106,91,16531,16597
2027,2107,67,16606,16660
2028,2108,264,16580,16634
2029,2109,68,16651,16671
2030,2110,40,16466,16492
2031,2112,170,16593,16673
2032,2113,206,16460,16485
2033,2114,19,16289,16319
2034,2115,21,16441,16471
2035,2116,4,16162,16200
2036,2117,33,16221,16410
2037,2118,15,16203,16257
2038,2119,707,16459,16674
2039,2120,18,16391,16398
2040,2121,9,16635,16643
2041,2122,49,16362,16383
2042,2124,326,16567,16674
2043,2129,28,16381,16405
2044,2130,115,16565,16671
2045,2131,161,16175,16410
2046,2132,95,16302,16368
2047,2133,127,16130,16335
2048,2134,277,16165,16392
2049,2135,28,16200,16353
2050,2136,38,16464,16470
2051,2137,1525,16401,16662
2052,2138,10,16399,16417
2053,2139,9,16653,16669
2054,2140,47,16198,16277
2055,2141,116,16171,16235
2056,2142,76,16489,16526
2057,2144,3,16091,16095
2058,2145,40,16194,16220
2059,2146,292,16205,16375
2060,2147,6,16131,16166
2061,2148,23,16101,16238
2062,2149,10,16128,16135
2063,2150,124,16211,16627
2064,2151,116,16636,16672
2065,2152,410,16592,16673
2066,2153,21,16092,16133
2067,2154,270,16624,16676
2068,2155,14,16340,16351
2069,2156,672,16333,16497
2070,2157,178,16482,16519
2071,2158,87,16601,16679
2072,2159,202,16365,16396
2073,2160,209,16594,16680
2074,2161,98,16206,16240
2075,2162,214,16092,16241
2076,2163,1,16412,16412
2077,2164,13,16566,16585
2078,2166,482,16547,16675
2079,2167,241,16597,16659
2080,2168,2,16642,16643
2081,2170,695,16304,16522
2082,2171,139,16385,16434
2083,2172,382,16129,16196
2084,2173,8,16219,16222
2085,2174,14,16344,16360
2086,2175,60,16211,16365
2087,2176,8,16652,16673
2088,2177,33,16305,16333
2089,2178,22,16641,16659
2090,2179,2,16594,16595
2091,2180,51,16388,16421
2092,2181,103,16589,16671
2093,2182,37,16631,16654
2094,2183,34,16538,16624
2095,2184,14,16147,16210
2096,2186,20,16171,16340
2097,2187,34,16544,16558
2098,2188,30,16469,16574
2099,2189,21,16558,16655
2100,2191,34,16135,16658
2101,2192,104,16595,16634
2102,2193,288,16129,16424
2103,2194,131,16648,16675
2104,2195,2,16200,16203
2105,2196,33,16651,16673
2106,2197,9,16568,16575
2107,2198,8,16212,16221
2108,2200,741,16086,16438
2109,2201,257,16625,16676
2110,2202,10,16181,16353
2111,2203,36,16612,16672
2112,2204,385,16615,16675
2113,2205,1094,16219,16516
2114,2206,138,16605,16670
2115,2207,126,16652,16682
2116,2209,73,16418,16436
2117,2210,18,16588,16610
2118,2211,26,16212,16296
2119,2212,47,16652,16674
2120,2213,20,16076,16096
2121,2215,171,16228,16659
2122,2217,50,16161,16214
2123,2218,42,16296,16321
2124,2219,137,16129,16256
2125,2220,184,16211,16284
2126,2221,1392,16178,16555
2127,2223,89,16610,16651
2128,2224,6,16589,16590
2129,2225,11,16222,16298
2130,2226,23,16618,16654
2131,2227,5,16594,16603
2132,2228,44,16129,16132
2133,2229,457,16344,16493
2134,2231,1002,16149,16671
2135,2233,8,16210,16214
2136,2234,135,16606,16672
2137,2235,142,16171,16287
2138,2236,10,16488,16506
2139,2237,176,16171,16616
2140,2238,360,16518,16609
2141,2239,54,16134,16214
2142,2240,118,16511,16555
2143,2241,67,16636,16667
2144,2242,71,16130,16184
2145,2243,15,16617,16644
2146,2244,38,16588,16642
2147,2245,6,16401,16402
2148,2246,33,16645,16667
2149,2247,1943,16171,16363
2150,2249,78,16528,16585
2151,2250,258,16566,16674
2152,2251,413,16584,16662
2153,2252,203,16532,16677
2154,2253,290,16091,16214
2155,2254,4,16333,16334
2156,2255,268,16202,16335
2157,2256,19,16306,16333
2158,2257,535,16592,16670
2159,2258,5,16626,16676
2160,2259,6,16399,16431
2161,2260,1,16335,16335
2162,2261,94,16373,16411
2163,2262,169,16533,16655
2164,2263,15,16456,16615
2165,2264,14,16468,16484
2166,2265,3,16641,16642
2167,2266,34,16533,16667
2168,2267,377,16618,16636
2169,2268,338,16618,16674
2170,2270,11,16340,16473
2171,2271,2,16605,16606
2172,2272,268,16125,16345
2173,2273,9,16166,16287
2174,2274,139,16129,16259
2175,2275,191,16277,16378
2176,2276,77,16469,16511
2177,2277,21,16129,16166
2178,2278,2,16394,16394
2179,2279,40,16400,16673
2180,2281,140,16644,16673
2181,2282,35,16668,16676
2182,2283,5,16129,16206
2183,2284,691,16596,16670
2184,2285,68,16129,16193
2185,2286,50,16544,16571
2186,2287,207,16618,16671
2187,2288,52,16652,16671
2188,2289,613,16532,16675
2189,2290,631,16606,16670
2190,2291,49,16430,16439
2191,2292,70,16599,16669
2192,2293,6,16532,16535
2193,2294,42,16637,16674
2194,2295,388,16596,16613
2195,2296,920,16416,16544
2196,2297,23,16123,16135
2197,2298,618,16129,16206
2198,2299,23,16467,16485
2199,2300,2,16175,16176
2200,2301,15,16665,16669
2201,2302,21,16647,16671
2202,2303,6,16357,16358
2203,2304,147,16166,16272
2204,2305,3,16611,16613
2205,2308,1244,16434,16673
2206,2309,151,16622,16672
2207,2310,102,16315,16417
2208,2311,364,16358,16461
2209,2312,19,16646,16671
2210,2313,129,16627,16675
2211,2314,11,16545,16566
2212,2316,55,16623,16675
2213,2317,22,16421,16446
2214,2318,32,16639,16674
2215,2319,153,16134,16363
2216,2320,33,16659,16672
2217,2321,80,16472,16485
2218,2322,165,16305,16386
2219,2323,387,16544,16668
2220,2324,85,16644,16680
2221,2325,56,16172,16214
2222,2326,56,16651,16670
2223,2327,59,16134,16206
2224,2328,131,16602,16641
2225,2329,2,16211,16234
2226,2330,17,16609,16619
2227,2331,72,16624,16638
2228,2333,13,16604,16608
2229,2334,71,16521,16538
2230,2335,90,16589,16672
2231,2336,67,16637,16674
2232,2337,6,16652,16658
2233,2338,59,16596,16624
2234,2339,479,16592,16649
2235,2340,1,16679,16679
2236,2341,13,16555,16570
2237,2342,2,16664,16665
2238,2343,43,16635,16655
2239,2344,21,16650,16674
2240,2346,46,16134,16219
2241,2347,50,16643,16672
2242,2348,52,16130,16394
2243,2349,88,16366,16392
2244,2350,22,16663,16679
2245,2351,65,16544,16569
2246,2352,9,16337,16353
2247,2353,4,16350,16357
2248,2354,5,16623,16633
2249,2355,35,16589,16606
2250,2356,105,16630,16673
2251,2357,52,16546,16636
2252,2358,6,16184,16291
2253,2359,58,16395,16553
2254,2361,8,16179,16182
2255,2362,53,16468,16485
2256,2363,15,16164,16206
2257,2364,12,16659,16668
2258,2365,6,16641,16648
2259,2366,2,16665,16666
2260,2367,36,16211,16458
2261,2370,134,16652,16672
2262,2371,7,16606,16648
2263,2372,199,16134,16291
2264,2373,197,16508,16671
2265,2374,53,16178,16194
2266,2375,6,16587,16601
2267,2376,73,16472,16496
2268,2377,2,16352,16353
2269,2378,46,16613,16653
2270,2379,18,16606,16639
2271,2380,281,16201,16518
2272,2381,870,16091,16421
2273,2382,8,16567,16577
2274,2383,23,16297,16445
2275,2384,1059,16572,16676
2276,2386,41,16664,16675
2277,2387,71,16618,16657
2278,2388,70,16611,16679
2279,2389,23,16285,16314
2280,2390,25,16597,16625
2281,2392,28,16521,16585
2282,2393,2,16211,16212
2283,2394,3,16120,16165
2284,2395,9,16639,16648
2285,2396,121,16108,16214
2286,2398,25,16121,16179
2287,2399,7,16101,16104
2288,2401,14,16641,16669
2289,2402,32,16639,16668
2290,2403,746,16492,16572
2291,2404,122,16464,16499
2292,2406,40,16521,16660
2293,2407,6,16663,16670
2294,2409,22,16595,16606
2295,2410,319,16141,16313
2296,2411,24,16646,16668
2297,2412,15,16160,16166
2298,2413,46,16640,16672
2299,2414,1,16483,16483
2300,2416,320,16485,16652
2301,2417,56,16490,16537
2302,2418,42,16178,16189
2303,2419,1,16611,16611
2304,2420,5,16107,16122
2305,2421,273,16525,16616
2306,2422,109,16178,16220
2307,2423,4,16639,16641
2308,2424,32,16217,16241
2309,2425,3,16333,16333
2310,2426,19,16401,16435
2311,2427,43,16101,16250
2312,2429,12,16160,16214
2313,2430,95,16387,16673
2314,2432,5,16165,16166
2315,2433,476,16203,16351
2316,2434,33,16628,16654
2317,2436,117,16555,16589
2318,2437,1360,16160,16352
2319,2438,21,16385,16399
2320,2439,309,16129,16354
2321,2440,95,16134,16673
2322,2441,73,16509,16535
2323,2444,3,16656,16662
2324,2445,38,16085,16135
2325,2446,441,16521,16666
2326,2447,53,16659,16679
2327,2448,22,16583,16595
2328,2450,59,16385,16576
2329,2452,1063,16084,16222
2330,2453,915,16455,16501
2331,2454,150,16570,16625
2332,2455,176,16646,16674
2333,2456,25,16201,16221
2334,2457,24,16617,16673
2335,2458,91,16109,16221
2336,2459,6,16628,16631
2337,2463,15,16630,16638
2338,2464,61,16606,16674
2339,2465,317,16085,16359
2340,2466,40,16637,16671
2341,2467,141,16519,16538
2342,2469,188,16646,16675
2343,2470,6,16609,16617
2344,2471,46,16274,16326
2345,2472,13,16652,16672
2346,2473,5,16596,16600
2347,2474,25,16178,16240
2348,2476,41,16631,16665
2349,2477,473,16134,16324
2350,2478,47,16162,16214
2351,2479,368,16129,16214
2352,2480,7,16588,16607
2353,2481,20,16614,16663
2354,2483,8,16202,16211
2355,2484,311,16632,16679
2356,2485,107,16414,16451
2357,2486,224,16651,16679
2358,2487,40,16175,16362
2359,2488,13,16277,16326
2360,2489,1,16669,16669
2361,2490,37,16581,16653
2362,2491,87,16596,16669
2363,2492,2,16334,16335
2364,2493,2,16134,16135
2365,2497,1081,16134,16355
2366,2498,10,16659,16667
2367,2499,16,16651,16676
2368,2500,354,16517,16667
2369,2501,6,16219,16221
2370,2502,2,16653,16656
2371,2505,62,16654,16681
2372,2506,75,16591,16627
2373,2507,5,16674,16679
2374,2508,23,16129,16187
2375,2509,82,16077,16221
2376,2510,5,16349,16351
2377,2511,277,16277,16333
2378,2512,118,16637,16673
2379,2513,131,16606,16669
2380,2515,411,16656,16676
2381,2517,99,16129,16214
2382,2519,20,16644,16679
2383,2521,89,16144,16220
2384,2522,3,16385,16386
2385,2524,2,16351,16352
2386,2525,4,16130,16212
2387,2528,121,16091,16132
2388,2529,18,16395,16408
2389,2530,3,16213,16221
2390,2531,50,16077,16212
2391,2532,80,16375,16392
2392,2533,7,16348,16352
2393,2534,63,16339,16555
2394,2536,43,16129,16166
2395,2537,126,16655,16679
2396,2538,489,16544,16590
2397,2539,8,16666,16669
2398,2540,132,16351,16674
2399,2541,20,16623,16666
2400,2544,630,16608,16669
2401,2545,46,16184,16206
2402,2546,6,16401,16405
2403,2547,87,16638,16673
2404,2548,4,16665,16679
2405,2549,29,16629,16665
2406,2550,3,16609,16613
2407,2551,152,16129,16349
2408,2552,8,16618,16621
2409,2553,139,16393,16410
2410,2554,3,16323,16343
2411,2555,2,16662,16662
2412,2557,1,16564,16564
2413,2558,14,16545,16578
2414,2559,3,16213,16213
2415,2560,36,16211,16269
2416,2561,17,16103,16135
2417,2563,4,16177,16187
2418,2564,37,16625,16658
2419,2566,6,16385,16387
2420,2567,376,16118,16222
2421,2568,14,16129,16147
2422,2569,51,16533,16539
2423,2570,63,16129,16296
2424,2571,25,16172,16206
2425,2572,21,16544,16607
2426,2575,10,16528,16614
2427,2576,705,16455,16670
2428,2577,241,16314,16366
2429,2578,212,16544,16565
2430,2580,195,16129,16224
2431,2581,183,16510,16613
2432,2582,42,16287,16334
2433,2583,103,16652,16674
2434,2586,32,16347,16365
2435,2587,16,16345,16355
2436,2588,15,16346,16380
2437,2590,178,16568,16673
2438,2592,461,16622,16678
2439,2595,47,16171,16214
2440,2596,7,16184,16218
2441,2597,53,16546,16665
2442,2599,34,16520,16663
2443,2601,5,16564,16583
2444,2602,11,16289,16400
2445,2603,11,16200,16206
2446,2604,167,16097,16135
2447,2606,1,16622,16622
2448,2607,7,16134,16217
2449,2608,32,16634,16651
2450,2609,7,16133,16208
2451,2611,3,16204,16220
2452,2612,12,16652,16669
2453,2613,42,16544,16671
2454,2614,40,16142,16222
2455,2615,107,16177,16307
2456,2616,156,16654,16675
2457,2617,6,16122,16218
2458,2618,34,16461,16483
2459,2620,14,16179,16345
2460,2621,35,16592,16672
2461,2622,4,16334,16338
2462,2623,44,16598,16653
2463,2624,31,16201,16276
2464,2625,16,16220,16309
2465,2626,555,16522,16623
2466,2629,16,16575,16656
2467,2630,209,16400,16433
2468,2631,97,16274,16538
2469,2633,53,16657,16668
2470,2634,91,16282,16344
2471,2635,9,16661,16683
2472,2636,101,16472,16512
2473,2637,99,16085,16219
2474,2638,19,16419,16456
2475,2641,296,16101,16135
2476,2642,85,16623,16654
2477,2643,166,16137,16234
2478,2644,5,16668,16673
2479,2645,26,16162,16620
2480,2646,79,16091,16206
2481,2647,1,16670,16670
2482,2648,58,16506,16574
2483,2649,7,16129,16130
2484,2650,349,16130,16295
2485,2651,96,16473,16531
2486,2652,19,16667,16675
2487,2653,7,16357,16362
2488,2654,52,16417,16428
2489,2656,30,16211,16240
2490,2659,10,16411,16413
2491,2663,13,16646,16671
2492,2666,55,16662,16679
2493,2667,75,16618,16673
2494,2668,230,16212,16277
2495,2669,386,16233,16670
2496,2670,75,16222,16339
2497,2671,59,16129,16135
2498,2672,478,16413,16670
2499,2673,734,16094,16240
2500,2674,78,16588,16598
2501,2675,157,16366,16398
2502,2676,136,16625,16661
2503,2677,634,16171,16222
2504,2679,40,16657,16674
2505,2680,24,16123,16135
2506,2681,8,16164,16203
2507,2682,15,16657,16661
2508,2683,99,16175,16275
2509,2686,9,16653,16663
2510,2688,4,16455,16455
2511,2689,20,16666,16675
2512,2690,45,16135,16184
2513,2691,5,16597,16599
2514,2692,2,16659,16660
2515,2694,102,16135,16469
2516,2695,8,16247,16271
2517,2696,31,16387,16651
2518,2697,181,16616,16654
2519,2698,4,16666,16669
2520,2699,2,16674,16680
2521,2701,3,16630,16633
2522,2702,52,16643,16670
2523,2704,30,16129,16135
2524,2705,14,16129,16202
2525,2706,64,16211,16222
2526,2707,47,16219,16263
2527,2708,13,16653,16674
2528,2709,9,16307,16337
2529,2710,184,16181,16270
2530,2711,48,16232,16277
2531,2713,27,16600,16612
2532,2715,38,16658,16675
2533,2716,3,16662,16675
2534,2717,222,16171,16302
2535,2719,19,16622,16625
2536,2720,334,16129,16240
2537,2722,123,16290,16388
2538,2724,1,16347,16347
2539,2725,7,16349,16363
2540,2726,137,16643,16677
2541,2727,90,16189,16236
2542,2728,8,16191,16227
2543,2729,2,16470,16471
2544,2731,756,16644,16672
2545,2732,6,16439,16606
2546,2735,40,16129,16135
2547,2736,3,16395,16397
2548,2738,85,16655,16674
2549,2741,59,16652,16668
2550,2742,229,16637,16674
2551,2745,3,16350,16352
2552,2746,1,16464,16464
2553,2747,10,16200,16206
2554,2749,3,16162,16202
2555,2751,135,16625,16672
2556,2752,70,16227,16289
2557,2753,30,16275,16303
2558,2754,2,16200,16204
2559,2755,43,16637,16647
2560,2757,1,16501,16501
2561,2761,9,16301,16527
2562,2762,36,16652,16669
2563,2763,25,16488,16505
2564,2764,35,16108,16119
2565,2765,10,16129,16135
2566,2766,3,16676,16679
2567,2768,183,16589,16623
2568,2770,114,16645,16674
2569,2771,1231,16159,16639
2570,2772,308,16211,16296
2571,2773,3,16647,16652
2572,2774,18,16532,16538
2573,2777,18,16539,16633
2574,2780,7,16631,16651
2575,2782,6,16383,16391
2576,2786,43,16461,16470
2577,2787,93,16644,16673
2578,2788,6,16647,16679
2579,2789,1,16566,16566
2580,2790,15,16596,16606
2581,2792,18,16623,16654
2582,2794,26,16634,16647
2583,2796,30,16641,16672
2584,2797,1,16123,16123
2585,2799,79,16141,16222
2586,2800,36,16388,16419
2587,2801,13,16647,16654
2588,2804,1,16585,16585
2589,2805,90,16130,16221
2590,2806,12,16301,16352
2591,2807,46,16654,16680
2592,2808,98,16460,16535
2593,2810,45,16303,16341
2594,2811,8,16662,16673
2595,2812,3,16121,16129
2596,2813,158,16221,16331
2597,2814,2,16534,16535
2598,2815,6,16134,16135
2599,2819,12,16563,16568
2600,2820,44,16129,16166
2601,2821,9,16530,16535
2602,2822,33,16617,16652
2603,2823,39,16652,16679
2604,2824,37,16654,16677
2605,2825,3,16219,16222
2606,2826,7,16632,16634
2607,2830,157,16090,16222
2608,2831,2,16287,16296
2609,2832,167,16114,16186
2610,2833,265,16160,16184
2611,2835,70,16200,16221
2612,2837,203,16636,16652
2613,2838,2,16646,16647
2614,2839,485,16542,16594
2615,2840,54,16645,16664
2616,2841,7,16129,16130
2617,2842,191,16653,16677
2618,2843,20,16627,16634
2619,2844,1,16221,16221
2620,2845,6,16671,16674
2621,2847,6,16655,16657
2622,2848,10,16653,16679
2623,2849,6,16674,16679
2624,2851,28,16130,16135
2625,2852,2,16566,16630
2626,2853,69,16528,16534
2627,2855,360,16643,16674
2628,2857,3,16131,16135
2629,2859,14,16302,16351
2630,2860,145,16544,16673
2631,2861,41,16178,16185
2632,2862,2,16671,16672
2633,2863,8,16238,16260
2634,2864,2,16544,16544
2635,2865,10,16664,16674
2636,2866,2,16129,16129
2637,2868,83,16080,16296
2638,2871,4,16324,16332
2639,2872,3,16455,16456
2640,2873,251,16178,16593
2641,2877,90,16141,16240
2642,2878,2,16644,16645
2643,2879,1,16666,16666
2644,2881,16,16201,16222
2645,2883,5,16563,16565
2646,2884,8,16665,16666
2647,2885,62,16660,16676
2648,2888,1,16221,16221
2649,2889,25,16277,16329
2650,2890,13,16275,16304
2651,2892,60,16596,16606
2652,2893,6,16200,16206
2653,2896,3,16129,16129
2654,2898,8,16655,16663
2655,2899,2,16652,16653
2656,2900,6,16657,16662
2657,2901,12,16202,16214
2658,2902,7,16672,16677
2659,2903,211,16129,16268
2660,2904,69,16134,16214
2661,2905,4,16622,16666
2662,2907,18,16612,16619
2663,2910,2,16603,16603
2664,2911,7,16166,16206
2665,2913,15,16605,16607
2666,2914,2,16638,16639
2667,2915,100,16178,16214
2668,2917,7,16519,16532
2669,2919,26,16129,16135
2670,2923,21,16130,16305
2671,2924,37,16170,16226
2672,2927,6,16275,16280
2673,2928,8,16129,16130
2674,2931,21,16160,16206
2675,2933,22,16131,16206
2676,2934,215,16219,16295
2677,2936,8,16302,16327
2678,2938,1,16231,16231
2679,2939,6,16661,16665
2680,2940,65,16648,16676
2681,2941,9,16533,16536
2682,2944,7,16654,16671
2683,2945,1,16212,16212
2684,2946,17,16211,16214
2685,2948,3,16181,16191
2686,2949,14,16129,16134
2687,2950,26,16176,16380
2688,2951,3,16161,16166
2689,2955,83,16120,16206
2690,2957,2,16673,16673
2691,2958,8,16659,16669
2692,2964,86,16544,16598
2693,2965,53,16285,16328
2694,2966,169,16656,16673
2695,2967,60,16129,16135
2696,2972,54,16129,16229
2697,2973,26,16211,16240
2698,2974,7,16340,16350
2699,2975,22,16485,16495
2700,2976,3,16666,16675
2701,2977,1,16362,16362
2702,2980,2,16618,16620
2703,2983,72,16196,16222
2704,2985,14,16367,16373
2705,2987,10,16626,16671
2706,2989,20,16220,16259
2707,2995,2,16291,16294
2708,2999,23,16553,16565
2709,3000,21,16084,16133
2710,3008,1,16394,16394
2711,3011,9,16215,16269
2712,3017,1,16226,16226
2713,3018,2,16205,16211
2714,3019,1,16534,16534
2715,3021,2,16211,16211
2716,3023,4,16213,16221
2717,3024,4,16129,16132
2718,3027,33,16203,16272
2719,3029,46,16092,16651
2720,3033,2,16277,16277
2721,3038,13,16596,16603
2722,3040,26,16129,16133
2723,3041,1,16219,16219
2724,3042,13,16084,16095
2725,3045,107,16659,16676
2726,3048,1,16227,16227
2727,3050,31,16664,16679
2728,3055,1,16533,16533
2729,3065,15,16192,16193
2730,3071,1,16674,16674
2731,3077,24,16129,16133
2732,3082,1,16678,16678
2733,3084,2,16212,16222
2734,3086,2,16659,16662
2735,3087,6,16200,16204
2736,3088,27,16200,16206
2737,3090,7,16274,16296
2738,3099,14,16178,16184
2739,3101,8,16200,16206
2740,3102,10,16499,16503
2741,3104,7,16219,16221
2742,3110,23,16179,16221
2743,3113,2,16134,16135
2744,3119,2,16199,16200
2745,3122,6,16129,16129
2746,3126,40,16574,16591
2747,3134,2,16182,16184
2748,3152,14,16387,16390
2749,3165,2,16200,16200
2750,3167,5,16649,16664
2751,3169,134,16132,16490
2752,3170,2450,16411,16677
2753,3171,3,16423,16425
2754,3172,14,16465,16510
2755,3173,2,16621,16621
2756,3174,806,16226,16669
2757,3176,33,16176,16328
2758,3177,307,16595,16652
2759,3178,8,16511,16516
2760,3179,18,16645,16672
2761,3181,7,16658,16673
2762,3183,69,16347,16387
2763,3188,90,16654,16672
2764,3190,2,16655,16656
2765,3197,1,16679,16679
2766,3201,6,16506,16513
